{
  "base_cost": 0.27999999999999997,
  "idle_cost": 0.65,
  "starvation_energy": 120.0,
  "starvation_cost": 0.55,
  "move_cost_k": 0.0005,
  "brain_cost_per_conn": 0.0006,
  "fission_bias": 1.5000000000000004
}